{"cameraMode":{"drawMode":0,"name":"Shaded","section":"Shading Mode"},"sceneLighting":true,"audioPlay":false,"sceneViewState":{"m_AlwaysRefresh":false,"showFog":true,"showSkybox":true,"showFlares":true,"showImageEffects":true,"showParticleSystems":true,"showVisualEffectGraphs":true,"m_FxEnabled":true},"in2DMode":false,"pivot":{"x":98.52778625488281,"y":102.33924102783203,"z":-190.30345153808595},"rotation":{"x":-0.22448767721652986,"y":-0.18547378480434419,"z":0.04355544224381447,"w":-0.9556921124458313},"size":124.86274719238281,"orthographic":false}